name_player,display_name
--llorenc-serred,Llorenc Serred
658-david-lopez,David Lopez (ESP)
abde-ezzalzouli,Abde Ezzalzouli
abdel-abqar,Abdel Abqar
abdon-prats,Abdon Prats
abdoulaye-keita,Abdoulaye Keita
abdul-mumin,Abdul Mumin
abdulai-juma-bah,Abdulai Juma Bah
abel-bretones,Abel Bretones
abel-ruiz,Abel Ruiz
aboubacar-bassinga,Aboubacar Bassinga
adam-aznou,Adam Aznou
adama-boiro,Adama Boiro
adnan-januzaj,Adnan Januzaj
adria-altimira,Adria Altimira
adria-pedrosa,Adria Pedrosa
adrian-arnu,Adrian Arnu
adrian-embarba,Adrian Embarba
adrian-nino,Adrian Nino
adrian-pica,Adrian Pica
adrian-rodriguez,Adrian Rodriguez
adrian-san-miguel,Adrian San Miguel
adrian-verde,Adrian Verde
aihen-munoz,Aihen Munoz
aimar-oroz,Aimar Oroz
aingeru-olabarrieta,Aingeru Olabarrieta
aitor-fernandez,Aitor Fernandez
aitor-fraga,Aitor Fraga
aitor-gismera,Aitor Gismera
aitor-paredes,Aitor Paredes
aitor-ruibal,Aitor Ruibal
akor-adams,Akor Adams
alassane-diatta,Alassane Diatta
albert-sambi-lokonga,Albert Sambi Lokonga
alberto-collado,Alberto Collado
alberto-flores,Alberto Flores
alberto-moleiro,Alberto Moleiro
alberto-risco,Alberto Risco
alejandro-balde,Alejandro Balde
alejandro-catena,Alejandro Catena
alejandro-frances,Alejandro Frances
alejandro-iturbe,Alejandro Iturbe
alejandro-jay,Alejandro Jay
alejo-veliz,Alejo Veliz
aleksandar-andreev,Aleksandar Andreev
aleksandar-sedlar,Aleksandar Sedlar
alex-almansa,Alex Almansa
alex-berenguer,Alex Berenguer
alex-gil,Alex Gil
alex-kral,Alex Kral
alex-marchal,Alex Marchal
alex-munoz,Alex Munoz
alex-quevedo,Alex Quevedo
alex-remiro,Alex Remiro
alex-serradell,Alex Serradell
alex-suarez,Alex Suarez
alex-ujia-sola,Alex Ujia Sola
alexander-sorloth,Alexander Sorloth
alexis-olmedo,Alexis Olmedo
alfonso-espino,Alfonso Espino
alfonso-gonzalez,Alfonso Gonzalez
alfonso-pedraza,Alfonso Pedraza
allan-nyom,Allan Nyom
alvaro-aguado,Alvaro Aguado
alvaro-cortes,Alvaro Cortes
alvaro-fernandez,Alvaro Fernandez
alvaro-garcia,Alvaro Garcia
alvaro-garcia-pascual,Alvaro Garcia Pascual
alvaro-odriozola,Alvaro Odriozola
alvaro-rodriguez,Alvaro Rodriguez
alvaro-tejero,Alvaro Tejero
alvin,Alvaro Abajas
amath-ndiaye,Amath Ndiaye
ander-astralaga,Ander Astralaga
ander-barrenetxea,Ander Barrenetxea
ander-guevara,Ander Guevara
ander-herrera,Ander Herrera
ander-izagirre,Ander Izagirre
andoni-gorosabel,Andoni Gorosabel
andre-almeida-1,Andre Almeida
andre-ferreira,Andre Ferreira
andreas-christensen,Andreas Christensen
andrei-florin,Andrei Florin
andres-castrin,Andres Castrin
andres-cuenca,Andres Cuenca
andriy-lunin,Andriy Lunin
andy-pelmard,Andy Pelmard
angel-correa,Angel Correa
ansu-fati,Ansu Fati
antal-yaakobishvili,Antal Yaakobishvili
ante-budimir,Ante Budimir
antoine-griezmann,Antoine Griezmann
antonio-blanco,Antonio Blanco
antonio-candela,Antonio Candela
antonio-espigares,Antonio Espigares
antonio-gomis,Antonio Gomis
antonio-lato,Antonio Lato
antonio-martinez,Antonio Martinez
antonio-raillo,Antonio Raillo
antonio-rudiger,Antonio Rudiger
antonio-sanchez,Antonio Sanchez
antonio-sivera,Antonio Sivera
antoniu-roca,Antoniu Roca
antony,Antony
anuar-mohamed,Anuar Mohamed
arda-gler,Arda Guler
aridane-hernandez,Aridane Hernandez
aritz-elustondo,Aritz Elustondo
arkaitz-mariezkurrena,Arkaitz Mariezkurrena
arnau-martinez,Arnau Martinez
arnau-rafus,Arnau Rafus
arnau-sola,Arnau Sola
arnaut-danjuma,Arnaut Danjuma
aron-yaakobishvili,Aron Yaakobishvili
arsen-zakharyan,Arsen Zakharyan
arthur-melo,Arthur Melo
arthur-vermeeren,Arthur Vermeeren
asier-osambela,Asier Osambela
asier-villalibre,Asier Villalibre
augusto-batalla,Augusto Batalla
aurelien-tchouameni,Aurelien Tchouameni
axel-witsel,Axel Witsel
ayoze-perez,Ayoze Perez
benat-prados,Benat Prados
benat-turrientes,Benat Turrientes
benito-ramirez,Benito Ramirez
bertug-yildirim,Bertug Yildirim
bojan-miovski,Bojan Miovski
borja-iglesias,Borja Iglesias
borja-mayoral,Borja Mayoral
borna-barisic,Borna Barisic
boyomo,Boyomo
brahim-diaz,Brahim Diaz
brais-mendez,Brais Mendez
brian-olivan,Brian Olivan
bryan-gil,Bryan Gil
bryan-zaragoza,Bryan Zaragoza
carl-starfelt,Carl Starfelt
carles-alena,Carles Aleña
carles-perez,Carles Perez
carlos-benavidez,Carlos Benavidez
carlos-dominguez,Carlos Dominguez
carlos-guirao,Carlos Guirao
carlos-lumbreras,Carlos Lumbreras
carlos-martin,Carlos Martin
carlos-romero,Carlos Romero
carlos-vicente,Carlos Vicente
cedric-bakambu,Cedric Bakambu
cenk-zkacar,Cenk Zkacar
cesar-azpilicueta,Cesar Azpilicueta
cesar-fernandez,Cesar Fernandez
cesar-tarrega,Cesar Tarrega
chema-andres,Chema Andres
chidera-ejuke,Chidera Ejuke
chiquinho,Chiquinho
chrisantus-uche,Chrisantus Uche
christian-mosquera,Christian Mosquera
christian-stuani,Christian Stuani
chuki,Chuki
clement-lenglet,Clement Lenglet
coba-gomes,Coba Gomes
coke-carrillo,Coke Carrillo
conor-gallagher,Conor Gallagher
cristian-portu,Cristian Portu
cucho-hernandez,Cucho Hernandez
cyle-larin,Cyle Larin
dakonam-djene,Dakonam Djene
daley-blind,Daley Blind
damian-rodriguez,Damian Rodriguez
dani-cardenas,Dani Cardenas
dani-ceballos,Dani Ceballos
dani-diaz,Dani Diaz
dani-olmo,Dani Olmo
dani-parejo,Dani Parejo
dani-requena,Dani Requena
dani-rodriguez,Dani Rodriguez
dani-vivian,Dani Vivian
daniel-carvajal,Daniel Carvajal
daniel-raba,Daniel Raba
daniel-yanez,Daniel Yanez
daouda-doumbia,Daouda Doumbia
dario-benavides,Dario Benavides
dario-essugo,Dario Essugo
darko-brasanac,Darko Brasanac
darwin-machis,Darwin Machis
david-alaba,David Alaba
david-arguelles,David Arguelles
david-jimenez,David Jimenez
david-lopez-1,David Lopez (MAL)
david-otorbi,David Otorbi
david-soria,David Soria
david-torres-1,David Torres
dawda-camara,Dawda Camara
denis-suarez,Denis Suarez
der-milito,Der Milito
diego-aguado,Diego Aguado
diego-conde,Diego Conde
diego-ferrer,Diego Ferrer
diego-garcia,Diego Garcia
diego-hormigo,Diego Hormigo
diego-javier-llorente,Diego Javier Llorente
diego-kochen,Diego Kochen
diego-lopez-1,Diego Lopez
diego-martin,Diego Martin
diego-rico,Diego Rico
dimitri-foulquier,Dimitri Foulquier
dimitrios-stamatakis,Dimitrios Stamatakis
dinko-horkas,Dinko Horkas
djibril-sow,Djibril Sow
djordjije-medenica,Djordjije Medenica
dodi-lukebakio,Dodi Lukebakio
domingos-duarte,Domingos Duarte
dominik-greif,Dominik Greif
donny-van-de-beek,Donny Van De Beek
duk,Duk
edu-exposito,Edu Exposito
eduardo-camavinga,Eduardo Camavinga
egoitz-arana,Egoitz Arana
egoitz-munoz,Egoitz Munoz
elias-romero,Elias Romero
endika-bujan,Endika Bujan
endrick,Endrick
eneko-ortiz,Eneko Ortiz
enric-franquesa,Enric Franquesa
enric-garcia,Enric Garcia
enzo-barrenechea,Enzo Barrenechea
enzo-loiodice,Enzo Loiodice
eray-cmert,Eray Cmert
eric-bertrand-bailly,Eric Bertrand Bailly
eric-garcia,Eric Garcia
etienne-etoo,Etienne Etoo
etta-eyong,Etta Eyong
ezequiel-avila,Ezequiel Avila
fabio-silva,Fabio Silva
facundo-garces,Facundo Garces
federico-valverde,Federico Valverde
fer-lopez,Fer Lopez
ferland-mendy,Ferland Mendy
fermin-lopez,Fermin Lopez
fernando-calero,Fernando Calero
fernando-pacheco,Fernando Pacheco
ferran-ruiz,Ferran Ruiz
ferran-torres,Ferran Torres
florian-grillitsch,Florian Grillitsch
florian-lejeune,Florian Lejeune
fran-beltran,Fran Beltran
fran-garcia,Fran Garcia
fran-gonzalez-2,Fran Gonzalez
fran-perez,Fran Perez
francisco-vieites,Francisco Vieites
franco-cervi,Franco Cervi
frenkie-de-jong,Frenkie De Jong
gabriel-misehouy,Gabriel Misehouy
gerard-gumbau,Gerard Gumbau
gerard-martin,Gerard Martin
gerard-moreno,Gerard Moreno
german-garcia,German Garcia
geronimo-spina,Geronimo Spina
giorgi-mamardashvili,Giorgi Mamardashvili
giovani-lo-celso,Giovani Lo Celso
giuliano-simeone,Giuliano Simeone
gonzalo-garcia,Gonzalo Garcia
gorka-guruzeta,Gorka Guruzeta
gorka-rivera,Gorka Rivera
gregoire-swiderski-1,Gregoire Swiderski
guilherme-fernandes,Guilherme Fernandes
guille-fernandez,Guille Fernandez
guillem-trilla,Guillem Trilla
guillermo-ruiz,Guillermo Ruiz
hamari-traore,Hamari Traore
hamza-bellari,Hamza Bellari
hector-bellerin,Hector Bellerin
hector-fort,Hector Fort
henrique-silva,Henrique Silva
horatiu-moldovan,Horatiu Moldovan
hugo-duro,Hugo Duro
hugo-guillamon,Hugo Guillamon
hugo-lvarez-,Hugo Alvarez 
hugo-novoa,Hugo Novoa
hugo-sotelo,Hugo Sotelo
iago-aspas,Iago Aspas
igor-zubeldia,Igor Zubeldia
iker-bachiller,Iker Bachiller
iker-cordoba,Iker Cordoba
iker-losada,Iker Losada
iker-lvarez,Iker Alvarez
iker-munoz,Iker Munoz
ilaix-moriba,Ilaix Moriba
ilias-akhomach,Ilias Akhomach
ilias-kostis,Ilias Kostis
inaki-pena,Iñaki Pena
inaki-ruperez,Iñaki Ruperez
inaki-williams,Iñaki Williams
inigo-arguibide,Iñigo Arguibide
inigo-lekue,Iñigo Lekue
inigo-martinez,Iñigo Martinez
inigo-ruiz-de-galarreta,Iñigo Ruiz De Galarreta
isaac-romero,Isaac Romero
isco-alarcon,Isco Alarcon
isi-palazon,Isi Palazon
ismael-bekhoucha,Ismael Bekhoucha
ismael-sierra,Ismael Sierra
isra-dominguez,Isra Dominguez
israel-mora,Israel Mora
ivan-balliu,Ivan Balliu
ivan-cuellar,Ivan Cuellar
ivan-jaime,Ivan Jaime
ivan-martin,Ivan Martin
ivan-sanchez,Ivan Sanchez
ivan-villar,Ivan Villar
jacobo-ramon,Jacobo Ramon
jailson,Jailson
jaime-mata,Jaime Mata
jan-oblak,Jan Oblak
jan-salas,Jan Salas
jasper-cillessen,Jasper Cillessen
jastin,Jastin
jaume-domenech,Jaume Domenech
javi-galan,Javi Galan
javi-guerra-1,Javi Guerra
javi-hernandez,Javi Hernandez
javi-lopez-1,Javi Lopez
javi-munoz,Javi Munoz
javi-puado,Javi Puado
javi-rodriguez,Javi Rodriguez
javi-sanchez,Javi Sanchez
javi-serrano,Javi Serrano
javier-manquillo,Javier Manquillo
jesus-areso,Jesus Areso
jesus-owono,Jesus Owono
jesus-rodriguez,Jesus Rodriguez
jesus-vallejo,Jesus Vallejo
jesus-vazquez-1,Jesus Vazquez
jhon-solis,Jhon Solis
jiri-letacek,Jiri Letacek
joan-garcia,Joan Garcia
joan-jordan,Joan Jordan
joao-urbaez,Joao Urbaez
jofre-carreras,Jofre Carreras
johan-mojica,Johan Mojica
johnny-cardoso,Johnny Cardoso
jon-ander-olasagasti,Jon Ander Olasagasti
jon-aramburu,Jon Aramburu
jon-balda,Jon Balda
jon-garcia-1,Jon Garcia
jon-guridi,Jon Guridi
jon-martin,Jon Martin
jon-moncayola,Jon Moncayola
jon-pacheco,Jon Pacheco
jonathan-montiel,Jonathan Montiel
jones-el-abdellaoui,Jones El Abdellaoui
jorge-benito,Jorge Benito
jorge-de-frutos,Jorge De Frutos
jorge-herrando,Jorge Herrando
jorge-saenz,Jorge Saenz
jose-angel-lopez,Jose Angel Lopez
jose-arnaiz,Jose Arnaiz
jose-campana,Jose Campana
jose-gaya,Jose Gaya
jose-gragera,Jose Gragera
jose-luis-catala,Jose Luis Catala
jose-manuel-copete,Jose Manuel Copete
jose-maria-gimenez,Jose Maria Gimenez
jose-ngel-carmona,Jose Angel Carmona
joseph-aidoo,Joseph Aidoo
juan-bernat,Juan Bernat
juan-berrocal,Juan Berrocal
juan-carlos-martin,Juan Carlos Martin
juan-cruz-1,Juan Cruz (OSA)
juan-cruz-2,Juan Cruz (LEG)
juan-foyth,Juan Foyth
juan-iglesias,Juan Iglesias
juan-miguel-latasa,Juan Miguel Latasa
juan-musso,Juan Musso
juan-soriano,Juan Soriano
juanlu-sanchez,Juanlu Sanchez
juanma-herzog,Juanma Herzog
juanmi-jimenez,Juanmi Jimenez
juanpe,Juanpe
juanpe-gil,Juanpe Gil
jude-bellingham,Jude Bellingham
julen-agirrezabala,Julen Agirrezabala
julen-lartitegi,Julen Lartitegi
jules-kounde,Jules Kounde
julian-chicco,Julian Chicco
julian-lvarez,Julian Alvarez
justin-smith,Justin Smith
karl-hein,Karl Hein
kenedy,Kenedy
kike-barja,Kike Barja
kike-garcia,Kike Garcia
kike-salas,Kike Salas
kiko-femenia,Kiko Femenia
kirian-rodriguez,Kirian Rodriguez
koke-iglesias,Koke Iglesias
koke-resurreccion,Koke Resurreccion
kylian-mbappe,Kylian Mbappe
ladislav-krejci,Ladislav Krejci
lamine-yamal,Lamine Yamal
leandro-antonetti,Leandro Antonetti
leandro-cabrera,Leandro Cabrera
leo-roman,Leo Roman
lex-baena,Alex Baena
loc-bade,Loc Bade
logan-costa,Logan Costa
lorenzo-aguado,Lorenzo Aguado
luca-lohr,Luca Lohr
lucas-alcazar,Lucas Alcazar
lucas-garcia,Lucas Garcia
lucas-rosa,Lucas Rosa
lucas-torro,Lucas Torro
lucas-vazquez,Lucas Vazquez
lucien-agoume,Lucien Agoume
luis-milla,Luis Milla
luis-perez,Luis Perez
luis-rioja,Luis Rioja
luiz-junior,Luiz Junior
luka-modric,Luka Modric
luka-sucic,Luka Sucic
luken-beitia,Luken Beitia
lvaro-djalo,Alvaro Djalo
lvaro-killane,Alvaro Killane
mamadou,Mamadou
manu-bueno,Manu Bueno
manu-gonzalez,Manu Gonzalez
manu-sanchez,Manu Sanchez
manuel-fuster,Manuel Fuster
manuel-morlanes,Manuel Morlanes
marash-kumbulla,Marash Kumbulla
marc-andre-ter-stegen,Marc Andre Ter Stegen
marc-bartra,Marc Bartra
marc-bernal,Marc Bernal
marc-cardona,Marc Cardona
marc-casado,Marc Casado
marc-domenech,Marc Domenech
marc-roca,Marc Roca
marc-vidal,Marc Vidal
marcao,Marcao
marco-de-la-sias,Marco De La Sias
marcos-acuna,Marcos Acuna
marcos-alonso,Marcos Alonso
marcos-andre,Marcos Andre
marcos-fernandez-1,Marcos Fernandez
marcos-llorente,Marcos Llorente
mario-maroto,Mario Maroto
mario-martin,Mario Martin
marko-dmitrovic,Marko Dmitrovic
maroan-sannadi,Maroan Sannadi
martin-cuellar,Martin Cuellar
martin-tejon,Martin Tejon
martin-valjent,Martin Valjent
martin-zubimendi,Martin Zubimendi
marvin-park,Marvin Park
mateo-flores,Mateo Flores
mateo-mejia,Mateo Mejia
mateu-morey,Mateu Morey
matias-rbol,Matias Arbol
matija-nastasic,Matija Nastasic
mauro-arambarri,Mauro Arambarri
max-aarons,Max Aarons
maximiliano-caufriez,Maximiliano Caufriez
miguel-de-la-fuente,Miguel De La Fuente
miguel-gutierrez,Miguel Gutierrez
mihailo-risti,Mihailo Risti
mika-marmol,Mika Marmol
mikel-goti,Mikel Goti
mikel-jauregizar,Mikel Jauregizar
mikel-oyarzabal,Mikel Oyarzabal
mikel-vesga,Mikel Vesga
min-su-kim,Min Su Kim
moi-gomez,Moi Gomez
mouctar-diakhaby,Mouctar Diakhaby
moussa-diarra-1,Moussa Diarra
munir-el-haddadi,Munir El Haddadi
naci-unuvar,Naci Unuvar
nahuel-molina,Nahuel Molina
nahuel-tenaglia,Nahuel Tenaglia
natan,Natan
nayef-aguerd,Nayef Aguerd
nemanja-gudelj,Nemanja Gudelj
ngel-fortuno,Angel Fortuno
ngel-ortiz,Angel Ortiz
nico-williams,Nico Williams
nicolas-pepe,Nicolas Pepe
noah-darvich,Noah Darvich
nobel-mendy,Nobel Mendy
oier-gastesi,Oier Gastesi
oihan-sancet,Oihan Sancet
oliver-mcburnie,Oliver Mcburnie
omar-alderete,Omar Alderete
omar-el-hilali,Omar El Hilali
omar-janneh,Omar Janneh
omar-mascarell,Omar Mascarell
omar-sadik,Omar Sadik
oriol-romeu,Oriol Romeu
orri-steinn-skarsson,Orri Steinn Skarsson
oscar-de-marcos,Oscar De Marcos
oscar-rodriguez,Oscar Rodriguez
oscar-trejo,Oscar Trejo
pablo-barrios,Pablo Barrios
pablo-busto,Pablo Busto
pablo-duran,Pablo Duran
pablo-fornals,Pablo Fornals
pablo-garcia-1,Pablo Garcia
pablo-gavi,Pablo Gavi
pablo-ibanez,Pablo Ibanez
pablo-maffeo,Pablo Maffeo
pablo-marin,Pablo Marin
pablo-ramon,Pablo Ramon
pablo-rivera,Pablo Rivera
pablo-torre,Pablo Torre
pablo-valencia,Pablo Valencia
papa-dame-ba,Papa Dame Ba
pape-gueye,Pape Gueye
pathe-ciss,Pathe Ciss
pau-cabanes,Pau Cabanes
pau-cubarsi,Pau Cubarsi
pau-navarro,Pau Navarro
pau-victor,Pau Victor
paulo-gazzaniga,Paulo Gazzaniga
pedri-gonzalez,Pedri Gonzalez
pedro-aleman,Pedro Aleman
pedro-diaz,Pedro Diaz
peio-canales,Peio Canales
pelayo-fernandez,Pelayo Fernandez
pep-chavarria,Pep Chavarria
pepelu,Pepelu
peque,Peque
pere-joan-garcia,Pere Joan Garcia
pere-milla,Pere Milla
peter-gonzalez,Peter Gonzalez
pol-lozano,Pol Lozano
pol-tristan,Pol Tristan
rafa-mir,Rafa Mir
rafael-romero,Rafael Romero
rafel-bauza,Rafel Bauza
ramon-martinez,Ramon Martinez
randy-nteka,Randy Nteka
raphinha,Raphinha
raul-albiol,Raul Albiol
raul-asencio-1,Raul Asencio
raul-chasco,Raul Chasco
raul-de-tomas,Raul De Tomas
raul-garcia-1,Raul Garcia
raul-jimenez-1,Raul Jimenez
raul-martinez,Raul Martinez
raul-moro,Raul Moro
rayane-belaid,Rayane Belaid
reinildo-mandava,Reinildo Mandava
renato-tapia,Renato Tapia
ricard-artero,Ricard Artero
ricardo-rodriguez,Ricardo Rodriguez
rjan-nyland,Rjan Nyland
robert-lewandowski,Robert Lewandowski
robert-navarro,Robert Navarro
roberto-fernandez-1,Roberto Fernandez
roberto-lopez,Roberto Lopez
robin-le-normand,Robin Le Normand
rodrigo-abajas,Rodrigo Abajas
rodrigo-de-paul,Rodrigo De Paul
rodrigo-riquelme,Rodrigo Riquelme
rodrygo-goes,Rodrygo Goes
roger-hinojo,Roger Hinojo
romain-perraud,Romain Perraud
ronald-araujo,Ronald Araujo
ruben-garcia,Ruben Garcia
ruben-gomez-1,Ruben Gomez
ruben-iranzo,Ruben Iranzo
ruben-pena,Ruben Pena
ruben-vargas,Ruben Vargas
rudy-kohon,Rudy Kohon
samu-almeida,Samu Almeida
samuel-lino,Samuel Lino
sandro-ramirez,Sandro Ramirez
santi-comesana,Santi Comesana
santiago-mourino,Santiago Mourino
saul-niguez,Saul Niguez
scar-mingueza,Oscar Mingueza
scar-valentin,Oscar Valentin
scott-mckenna,Scott Mckenna
sebas-wade,Sebas Wade
selim-amallah,Selim Amallah
sergi-altimira,Sergi Altimira
sergi-canos,Sergi Canos
sergi-cardona,Sergi Cardona
sergi-darder,Sergi Darder
sergi-dominguez,Sergi Dominguez
sergi-gomez,Sergi Gomez
sergi-guardiola,Sergi Guardiola
sergio-arribas-prieto,Sergio Arribas Prieto
sergio-camello,Sergio Camello
sergio-carreira,Sergio Carreira
sergio-gomez,Sergio Gomez
sergio-gonzalez-1,Sergio Gonzalez
sergio-herrera,Sergio Herrera
sergio-jose-lozano,Sergio Jose Lozano
sergio-mestre,Sergio Mestre
sergio-ruiz-1,Sergio Ruiz
sergio-viera,Sergio Viera
seydouba-cisse,Seydouba Cisse
sheraldo-becker,Sheraldo Becker
sixtus-ogbuehi-1,Sixtus Ogbuehi
stanis-idumbo-muzambo,Stanis Idumbo Muzambo
stanko-juric,Stanko Juric
stefan-bajcetic,Stefan Bajcetic
stole-dimitrievski,Stole Dimitrievski
suso,Suso
tajon-buchanan,Tajon Buchanan
takefusa-kubo,Takefusa Kubo
takuma-asano,Takuma Asano
tamas-nikitscher,Tamas Nikitscher
tanguy-kouassi,Tanguy Kouassi
terrats,Terrats
thiago-ojeda,Thiago Ojeda
thibaut-courtois,Thibaut Courtois
thierno-barry,Thierno Barry
thierry-correia,Thierry Correia
thomas-lemar,Thomas Lemar
tincho-conde,Tincho Conde
tomas-conechny,Tomas Conechny
toni-fernandez,Toni Fernandez
umar-sadiq,Umar Sadiq
unai-garcia,Unai Garcia
unai-gomez,Unai Gomez
unai-lopez,Unai Lopez
unai-marrero,Unai Marrero
unai-nunez,Unai Nunez
unai-simon,Unai Simon
urko-gonzalez-de-zarate,Urko Gonzalez De Zarate
valentin-pezzolesi,Valentin Pezzolesi
valentin-rosier,Valentin Rosier
valery-fernandez,Valery Fernandez
vedat-muriqi,Vedat Muriqi
vicent-abril,Vicent Abril
vicente-guaita,Vicente Guaita
victor-mollejo,Victor Mollejo
victor-munoz,Victor Munoz
victor-puig,Victor Puig
victor-valdepenas,Victor Valdepenas
viktor-tsygankov,Viktor Tsygankov
vinicius-junior,Vinicius Junior
viti-rozada,Viti Rozada
vladyslav-krapyvtsov,Vladyslav Krapyvtsov
walid-cheddira,Walid Cheddira
warren-madrigal,Warren Madrigal
william-carvalho,William Carvalho
williot-swedberg,Williot Swedberg
willy-kambwala,Willy Kambwala
wojciech-szczesny,Wojciech Szczesny
xavi-pleguezuelo,Xavi Pleguezuelo
yan-diomande,Yan Diomande
yangel-herrera,Yangel Herrera
yarek-gasiorowski,Yarek Gasiorowski
yaser-asprilla,Yaser Asprilla
yellu-santiago,Yellu Santiago
yeray-alvarez,Yeray Alvarez
yeremi-pino,Yeremi Pino
yoel-lago,Yoel Lago
youssef-enriquez,Youssef Enriquez
youssouf-sabaly,Youssouf Sabaly
yuri-berchiche,Yuri Berchiche
yvan-neyou,Yvan Neyou